"Comunidad";"Provincia";"Numero";"Estacion";"Altitud";"UTMX";"UTMY";"Huso";"Latitud";"Longitud";"SignoLongitud"
"Andalucia";"Cádiz";1;"Basurta-Jerez de la Frontera";60;766377;4072277;;"36º 45' 29”";"06º 00' 58'' ";"-"
"Andalucia";"Cádiz";5;"Conil de la Frontera";26;757532;4025267;;"36º 20' 14'' ";"06º 07' 50''";"-"
"Andalucia";"Cádiz";101;"IFAPA Centro de Chipiona";7;732243;4070604;;"36º 45' 07''";"06º 23' 55''";"-"
"Andalucia";"Cádiz";2;"Jerez de la Frontera";32;767119;4059604;;"36º 38' 38''";"06º 00' 44''";"-"
"Andalucia";"Cádiz";7;"Jimena de la Frontera";53;286186;4032550;;"36º 24' 49''";"05º 23' 04''";"-"
"Andalucia";"Cádiz";10;"Puerto de Santa María";20;753735;4055018;;"36º 37' 03''";"06º 09' 05''";"-"
"Andalucia";"Cádiz";8;"Puerto de Santa María";20;754761;4056297;;"36º 37' 03''";"06º 09' 05''";"-"
"Andalucia";"Cádiz";9;"Sanlúcar de Barrameda";22;204391,3;4075859,2;;"36º 50' 07''";"06º 17' 38''";"-"
"Andalucia";"Cádiz";6;"Vejer de Frontera";24;245032;4019509;;"36º 17' 10''";"05º 50' 19''";"-"
"Andalucia";"Cádiz";4;"Villamartín";171;266228;4081004;;"36º 50' 43''";"05º 37' 18''";"-"
"Andalucia";"Sevilla";5;"Aznalcázar ";4;742264;4115401;;"37º 09' 10''";"06º 16' 19''";"-"
"Andalucia";"Sevilla";9;"Ecija";125;316742;4162890;;"37º 35' 39''";"05º 04' 32''";"-"
"Andalucia";"Sevilla";17;"Guillena";191;759588;4156231;;"37º 30' 57''";"06º 03' 46''";"-"
"Andalucia";"Sevilla";19;"IFAPA Centro Las Torres-Tomejil";11;238115;4156016;;"37º 30' 48''";"05º 57' 46''";"-"
"Andalucia";"Sevilla";21;"IFAPA Centro de Los Palacios";21;238591;4119785;;"37º 11' 14''";"05º 56' 41''";"-"
"Andalucia";"Sevilla";101;"IFAPA Centro Las Torres-Tomejil, Finca Tomejil";79;271069;4142690;;"37º 24' 07''";"05º 35' 10''";"-"
"Andalucia";"Sevilla";20;"Isla Mayor";35;755917;4111564;;"37º 06' 53''";"06º 07' 11''";"-"
"Andalucia";"Sevilla";10;"La Luisiana";188;303201;4155652;;"37º 31' 34''";"05º 13' 37''";"-"
"Andalucia";"Sevilla";7;"La Puebla del Río";25;754404;4124003;;"37º 13' 38''";"06º 07' 57''";"-"
"Andalucia";"Sevilla";8;"La Puebla del Río II";41;762644;4108077;;"37º 04' 53''";"06º 02' 43''";"-"
"Andalucia";"Sevilla";12;"La Rinconada";37;241387;4149790;;"37º 27' 29''";"05º 55' 25''";"-"
"Andalucia";"Sevilla";2;"Las Cabezas de San Juan";25;243428;4100700;;"37º 01' 00''";"05º 53' 01''";"-"
"Andalucia";"Sevilla";3;"Lebrija I";25;755906;4096340;;"36º 58' 40''";"06º 07' 30''";"-"
"Andalucia";"Sevilla";4;"Lebrija 2";40;766472;4088031;;"36º 54' 00''";"06º 00' 34''";"-"
"Andalucia";"Sevilla";15;"Lora del Río";68;276058;4171237;;"37º 39' 37''";"05º 32' 19''";"-"
"Andalucia";"Sevilla";16;"Los Morales";90;262802;4117969;;"37º 10' 38''";"05º 40' 18''";"-"
"Andalucia";"Sevilla";1;"Los Palacios y Villafranca";21;239190;4118995;;"37º 10' 49''";"05º 56' 15''";"-"
"Andalucia";"Sevilla";11;"Osuna";214;310778;4125500;;"37º 15' 22''";"05º 08' 01''";"-"
"Andalucia";"Sevilla";18;"Puebla Cazalla";229;291518;4121868;;"37º 13' 09''";"05º 20' 58''";"-"
"Andalucia";"Sevilla";13;"Sanlúcar La Mayor";88;743029;4145411;;"37º 25' 22''";"06º 15' 13''";"-"
"Andalucia";"Sevilla";6;"Villafranco del Guadalquivir";45;753295;4109806;;"37º 05' 59''";"06º 08' 59''";"-"
"Andalucia";"Sevilla";22;"Villanueva del Río y Minas";38;262609;4164005;;"37º 36' 52''";"05º 40' 57''";"-"
"Andalucia";"Sevilla";14;"Villanueva del Río y Minas";38;263221;4166507;;"38º 36' 52''";"6º 40' 57''";"-"
"Andalucia";"Jaén";6;"Alcaudete";645;404875;4159665;30;;;
"Andalucia";"Jaén";11;"Chiclana de Segura";510;504003;4239630;30;;;
"Andalucia";"Jaén";1;"Huesa";793;494672;4177995;30;;;
"Andalucia";"Jaén";104;"IFAPA Centro MEngibar";292;430902;430902;30;;;
"Andalucia";"Jaén";15;"Jaén";299;432285;4194160;30;;;
"Andalucia";"Jaén";103;"Jódar";488;470716;4192610;30;;;
"Andalucia";"Jaén";12;"La Higuera de Arjona";267;411556;4200824;30;;;
"Andalucia";"Jaén";9;"Linares";443;443111;4212750;30;;;
"Andalucia";"Jaén";7;"Mancha Real";436;447686;4196913;30;;;
"Andalucia";"Jaén";16;"Marmolejo";208;396245;4211908;30;;;
"Andalucia";"Jaén";10;"Marmolejo";208;400901;4212858;30;;;
"Andalucia";"Jaén";13;"Mengíbar";373;427706;4202345;30;;;
"Andalucia";"Jaén";2;"Pozo Alcón";893;506267;4169627;30;;;
"Andalucia";"Jaén";4;"Sabiote";822;479441;4214871;30;;;
"Andalucia";"Jaén";3;"San José de los Propios";509;479835;4190273;30;;;
"Andalucia";"Jaén";14;"Santo Tomé";571;492827;4209275;30;;;
"Andalucia";"Jaén";5;"Torreblascopedro";291;439562;4204997;30;;;
"Andalucia";"Jaén";101;"Torreperogil";536;478684;4203206;30;;;
"Andalucia";"Jaén";8;"Ubeda";358;473694;4199725;30;;;
"Andalucia";"Jaén";102;"Villacarrillo";650;482519;4213079;30;;;
"Andalucia";"Almería";10;"Adra";42;500710;4066978;30;;;
"Andalucia";"Almería";2;"Almería";22;553334;4076947;30;;;
"Andalucia";"Almería";8;"Cuevas de Almanzora";20;606478;4124237;30;;;
"Andalucia";"Almería";5;"Fiñana";971;514418;4112459;30;;;
"Andalucia";"Almería";1;"La Mojonera";142;526472;4071536;30;;;
"Andalucia";"Almería";11;"Níjar";182;575091;4089921;30;;;
"Andalucia";"Almería";4;"Tabernas";435;562095;4105449;30;;;
"Andalucia";"Almería";12;"Tíjola";796;547943;4137207;30;;;
"Andalucia";"Almería";6;"Virgen de Fátima-Cuevas de Almanzora";185;608951;4138960;30;;;
"Andalucia";"Córdoba";2;"Adamuz";90;373219;4206727;30;;;
"Andalucia";"Córdoba";8;"Baena";334;384952;4172611;30;;;
"Andalucia";"Córdoba";1;"Bélmez";523;306747;4236499;30;;;
"Andalucia";"Córdoba";6;"Córdoba";117;341642;4192085;30;;;
"Andalucia";"Córdoba";5;"El Carpio";165;367901;4197541;30;;;
"Andalucia";"Córdoba";4;"Hornachuelos";157;309705;4177125;30;;;
"Andalucia";"Córdoba";101;"IFAPA Centro de Cabra";547;373628;4151309;30;;;
"Andalucia";"Córdoba";102;"IFAPA Centro de Hinojosa del Duque";543;315628;4263208;30;;;
"Andalucia";"Córdoba";9;"Palma del Río";55;303825;4177917;30;;;
"Andalucia";"Córdoba";7;"Santaella";207;333494;4154701;30;;;
"Andalucia";"Granada";11;"Almuñecar";14;438973;4066413;30;;;
"Andalucia";"Granada";1;"Baza";814;520628;4157712;30;;;
"Andalucia";"Granada";7;"Cádiar";950;483724;4086564;30;;;
"Andalucia";"Granada";101;"IFAPA Centro Camino del Purchil";630;443423;4114357;30;;;
"Andalucia";"Granada";5;"Iznalloz";935;451312;4141428;30;;;
"Andalucia";"Granada";6;"Jerez del Marquesado";1212;486806;4116224;30;;;
"Andalucia";"Granada";3;"Loja";487;399051;4114478;30;;;
"Andalucia";"Granada";10;"Padul";781;446712;4097327;30;;;
"Andalucia";"Granada";4;"Pinos Puente";594;431534;4124395;30;;;
"Andalucia";"Granada";2;"Puebla de Don Fabrique";1110;554482;4192456;30;;;
"Andalucia";"Granada";8;"Zafarraya";905;397421;4094617;30;;;
"Andalucia";"Huelva";10;"Almonte";18;724620;4114778;;"37º 09' 06''";"06º 28' 14''";"-"
"Andalucia";"Huelva";6;"Aroche";299;680649;4203384;;"37º 57' 34''";"06º 56' 37''";"-"
"Andalucia";"Huelva";8;"El Campillo";406;711868;4171123;;"37º 39' 44''";"06º 35' 53''";"-"
"Andalucia";"Huelva";1;"El Tojalillo-Gibraleón";52;674879;4132208;;"37º 19' 10''";"07º 01' 35''";"-"
"Andalucia";"Huelva";3;"Gibraleón";169;671800;4142595;;"37º 24' 49''";"07º 03' 31''";"-"
"Andalucia";"Huelva";101;"IFAPA Centro Las Torres-Tomegil. Finca El Cebollar";63;162785;4128508;;"37º 14' 29''";"06º 48' 03''";"-"
"Andalucia";"Huelva";102;"IFAPA El Cebollar Bajo plastico";63;162886;4128606;;"37º 14' 32''";"06º 47' 59''";"-"
"Andalucia";"Huelva";9;"La Palma del Condado";192;717814;4138619;;"37º 22' 05''";"06º 32' 25''";"-"
"Andalucia";"Huelva";7;"La Puebla de Guzmán";288;654836;4157771;;"37º 33' 12''";"07º 14' 49''";"-"
"Andalucia";"Huelva";2;"Lepe";74;655814;4123108;;"37º 14' 27''";"07º 14' 36''";"-"
"Andalucia";"Huelva";4;"Moguer";87;696178;4113619;;"37º 08' 52''";"06º 47' 28''";"-"
"Andalucia";"Huelva";5;"Niebla";52;700713;4135997;;"37º 20' 54''";"06º 44' 02''";"-"
"Andalucia";"Málaga";10;"Antequera";457;360377;4100109;30;;;
"Andalucia";"Málaga";5;"Archidona";516;372960;4104563;30;;;
"Andalucia";"Málaga";9;"Cártama";95;350221;4064985;30;;;
"Andalucia";"Málaga";101;"IFAPA Centro de Campanillas";60;360742;4066161;30;;;
"Andalucia";"Málaga";7;"IFAPA Churriana";32;365802;4059951;30;;;
"Andalucia";"Málaga";1;"Málaga";68;362843;4069159;30;;;
"Andalucia";"Málaga";8;"Pizarra";84;347015;4070556;30;;;
"Andalucia";"Málaga";6;"Sierra Yeguas";464;337035;4112001;30;;;
"Andalucia";"Málaga";2;"Vélez-Málaga";49;399138;4073067;30;;;
"Aragón";"Zaragoza";3;"Sádaba";438;639535;4681057;30;;;
"Aragón";"Zaragoza";4;"El Bayo";379;644736;4670972;30;;;
"Aragón";"Zaragoza";5;"Ejea de los Caballeros";317;649276;4662411;30;;;
"Aragón";"Zaragoza";6;"Luna";409;670788;4662687;30;;;
"Aragón";"Zaragoza";7;"Tauste";361;653910;4651678;30;;;
"Aragón";"Zaragoza";8;"Santa Engracia";253;638544;4642591;30;;;
"Aragón";"Zaragoza";28;"Tarazona";516;604106;4641438;30;;;
"Aragón";"Zaragoza";29;"Borja";366;623985;4634978;30;;;
"Aragón";"Zaragoza";30;"Torres de Bellerén";209;660624;4626529;30;;;
"Aragón";"Zaragoza";31;"Épila";321;643200;4604933;30;;;
"Aragón";"Zaragoza";32;"Almonacid de la Sierra";393;639593;4590498;30;;;
"Aragón";"Zaragoza";33;"Zuera";302;686739;4637927;30;;;
"Aragón";"Zaragoza";34;"Montañana";222;680982;4620427;30;;;
"Aragón";"Zaragoza";35;"Pastriz";524;612376;4576711;30;;;
"Aragón";"Zaragoza";36;"Osera de Ebro";253;705581;4602408;30;;;
"Aragón";"Zaragoza";37;"Quinto";239;707573;4585050;30;;;
"Aragón";"Zaragoza";38;"Caspe";175;745309;4576848;30;;;
"Aragón";"Zaragoza";39;"Fabara";246;261253;4561304;31;;;
"Aragón";"Zaragoza";40;"Calatayud";518;615956;4580234;30;;;
"Aragón";"Zaragoza";41;"Belchite";328;690709;4580358;30;;;
"Aragón";"Zaragoza";43;"Daroca";753;632372;4552156;30;;;
"Aragón";"Zaragoza";49;"Boquiñeni";245;645276;4634116;30;;;
"Aragón";"Huesca";1;"Santa Cilia de Jaca";666;687216;4715191;30;;;
"Aragón";"Huesca";2;"Banastón";562;267097;4697206;31;;;
"Aragón";"Huesca";9;"Gurrea de Gállego";363;688023;4651685;30;;;
"Aragón";"Huesca";10;" Huesca";420;716924;4665025;30;;;
"Aragón";"Huesca";11;"Barbastro";410;261015;4655478;31;;;
"Aragón";"Huesca";12;"Selgua";304;261866;4647275;31;;;
"Aragón";"Huesca";13;"Alfántega";246;263211;4634139;31;;;
"Aragón";"Huesca";14;"Alcolea de Cinca";227;256708;4625361;31;;;
"Aragón";"Huesca";15;"San Esteban de Litera";315;276412;4640493;31;;;
"Aragón";"Huesca";16;"Tamarite de Litera";221;282122;4628985;31;;;
"Aragón";"Huesca";17;"Tardienta";361;706628;4649593;30;;;
"Aragón";"Huesca";18;"Grañén";312;719275;4647006;30;;;
"Aragón";"Huesca";19;"Huerto";415;737390,00;4648171;30;;;
"Aragón";"Huesca";20;"Sodeto";312;727666,00;4640742;30;;;
"Aragón";"Huesca";21;"Lanaja";368;721315,00;4629695;30;;;
"Aragón";"Huesca";22;"Sariñena";283;734771,00;4628457;30;;;
"Aragón";"Huesca";23;"Valfarta";352;738048,00;4601902;30;;;
"Aragón";"Huesca";24;"Monte Julia";274;269905,00;4625084;31;;;
"Aragón";"Huesca";25;"Zaidín";175;274292,00;4613236;31;;;
"Aragón";"Huesca";26;"Fraga";81;279238,00;4597307;31;;;
"Aragón";"Huesca";27;"Candasnos";320;257420,00;4594099;31;;;
"Aragón";"Teruel";42;"Híjar";300;707220;4565812;30;;;
"Aragón";"Teruel";44;"Monreal del campo";955;638881;4515921;30;;;
"Aragón";"Teruel";45;"Alcañiz";315;731896;4553190;30;;;
"Aragón";"Teruel";46;"Calanda";433;734842;4538189;30;;;
"Aragón";"Teruel";47;"Villarquemado";1004;644971;4487707;30;;;
"Aragón";"Teruel";48;"Teruel";928;655845;4468111;30;;;
"Castilla La Mancha";"Albacete";"AB01";"TARAZONA";677;529692;4346583;30;;;
"Castilla La Mancha";"Albacete";"AB02";"JUANACO";698;664184;4307954;30;;;
"Castilla La Mancha";"Albacete";"AB03";"ALMANSA";579;612300;4260690;30;;;
"Castilla La Mancha";"Albacete";"AB04";"HELLÍN";677;595314;4311962;30;;;
"Castilla La Mancha";"Albacete";"AB05";"ALBACETE";682;630940;4276220;30;;;
"Castilla La Mancha";"Albacete";"AB06";"Ontur";872;608291;4295449;30;;;
"Castilla La Mancha";"Albacete";"AB07";"Pozo Cañada";722;585335;4328526;30;;;
"Castilla La Mancha";"Albacete";"AB08";"La Gineta";695;606389;4336016;30;;;
"Castilla La Mancha";"Albacete";"AB09";"Motilleja";531;675774;4289496;30;;;
"Castilla La Mancha";"Albacete";"AB10";"Caudete";779;352066,3;4380339,4;31;;;
"Castilla La Mancha";"Ciudad Real";"CR01";"ALCÁZAR DE SAN JUAN";690;469241;4327718;30;;;
"Castilla La Mancha";"Ciudad Real";"CR02 (1)";"Manzanares";615;393935;4343618;30;;;
"Castilla La Mancha";"Ciudad Real";"CR03";"PORZUNA";662;414460;4322127;30;;;
"Castilla La Mancha";"Ciudad Real";"CR04";"CIUDAD REAL";710;446262;4311560;30;;;
"Castilla La Mancha";"Ciudad Real";"CR05";"Bolaños";647;517494;4299012;30;;;
"Castilla La Mancha";"Ciudad Real";"CR06 (2)";"Villahermosa-Tajoneras";727;495118;4325438;30;;;
"Castilla La Mancha";"Ciudad Real";"CR07";"Argamasilla de Alba";659;471647;4359110;30;;;
"Castilla La Mancha";"Ciudad Real";"CR08";"Herencia";622;440113;4318157;30;;;
"Castilla La Mancha";"Ciudad Real";"CR09";"Daimiel";640;418027;4320835;30;;;
"Castilla La Mancha";"Ciudad Real";"CR101";"Entresierra";652;469542;4330684;30;;;
"Castilla La Mancha";"Ciudad Real";"CR10";"MANZANARES";887;510388;4283371;30;;;
"Castilla La Mancha";"Ciudad Real";"CR11";"Montiel";978;488011,7;4283089,2;31;;;
"Castilla La Mancha";"Cuenca";"CU01";"EL SANCHÓN";720;520780;4369517;30;;;
"Castilla La Mancha";"Cuenca";"CU02";"PEDERNOSO";728;578256;4367851;30;;;
"Castilla La Mancha";"Cuenca";"CU03";"El Picazo";707;505513;4440733;30;;;
"Castilla La Mancha";"Cuenca";"CU04";"Barajas de Melo";1053;615300;4432004;30;;;
"Castilla La Mancha";"Cuenca";"CU05";"Cañete";963;573328;4447007;30;;;
"Castilla La Mancha";"Cuenca";"CU06";"Mariana";810;557380;4474087;30;;;
"Castilla La Mancha";"Cuenca";"CU07";"Villaconejos de Trabaque";820;599384;4362528;30;;;
"Castilla La Mancha";"Cuenca";"CU08";"Villnueva de la Jara";940;573223;4445249;30;;;
"Castilla La Mancha";"Cuenca";"CU09";"Mariana";969;427400,5;4446678,9;31;;;
"Castilla La Mancha";"Guadalajara";"GU01";"Finca El Serranillo";808;504592;4530893;30;;;
"Castilla La Mancha";"Guadalajara";"GU02";"JADRAQUE";759;498931;4486844;30;;;
"Castilla La Mancha";"Guadalajara";"GU03";"Armuña de Tajuña";664;479188;4493565;30;;;
"Castilla La Mancha";"Guadalajara";"GU04";"Alovera";1129;601457;4517023;30;;;
"Castilla La Mancha";"Guadalajara";"GU05";"Prados Redondos";589;501226;4451203;30;;;
"Castilla La Mancha";"Guadalajara";"GU06";"Illana";692;482375;4503550;30;;;
"Castilla La Mancha";"Guadalajara";"GU09";"Marchamalo";676;516985,6;4501945,5;31;;;
"Castilla La Mancha";"Toledo";"TO01";"VEGAS DE SAN ANTONIO";400;354961;4424690;30;;;
"Castilla La Mancha";"Toledo";"TO02";"MAGÁN";507;419481;4420988;30;;;
"Castilla La Mancha";"Toledo";"TO02";"MAGÁN";471;419893;4421506;30;;;
"Castilla La Mancha";"Toledo";"TO03";"CALERA Y CHOZAS";387;331720;4415390;30;;;
"Castilla La Mancha";"Toledo";"TO04";"Los Navalmorales";725;358149;4398519;30;;;
"Castilla La Mancha";"Toledo";"TO05";"Alcolea del Tajo";371;316876;4409523;30;;;
"Castilla La Mancha";"Toledo";"TO06";"Mora";754;434087;4392395;30;;;
"Castilla La Mancha";"Toledo";"TO06";"Mora";738;433809;4391038;30;;;
"Castilla La Mancha";"Toledo";"TO07";"Recas";609;416683;4434672;30;;;
"Castilla La Mancha";"Toledo";"TO08";"Villarrubia de Santiago";573;471590;4431896;30;;;
"Castilla La Mancha";"Toledo";"TO09";"La Rinconada";432;379987;4410264;30;;;
"Castilla La Mancha";"Toledo";"TO10";"La Puebla de Almoradiel";698;488433;4384582;30;;;
"Castilla y León";"Ávila";"AV01";"Nava de Arévalo";921;351519;4539902;30;;;
"Castilla y León";"Ávila";"AV101";"Muñogalindo";1128;338844;4495807;30;;;
"Castilla y León";"Ávila";"AV102";"Losar del Barco";1024;284881;4474923;30;;;
"Castilla y León";"Ávila";"BU02";"Valle de Valdelucio";479;411485;4730709;30;;;
"Castilla y León";"Ávila";"BU03";"Lerma";976;436765;4648564;30;;;
"Castilla y León";"Ávila";"BU04";"Tardajos";840;432940;4689308;30;;;
"Castilla y León";"Ávila";"BU05";"Vadocondes";822;452310;4608676;30;;;
"Castilla y León";"Ávila";"BU07";"Santa Gadea del Cid";811;491173;4725736;30;;;
"Castilla y León";"Ávila";"BU101";"Valle de Losa";491;482038;4759479;30;;;
"Castilla y León";"Ávila";"BU102";"Condado de Treviño";562;525363;4729699;30;;;
"Castilla y León";"León";"LE01";"Carracedelo";463;193498;4717644;30;;;
"Castilla y León";"León";"LE02";"Mansilla Mayor";791;299027;4709549;30;;;
"Castilla y León";"León";"LE03";"Cubillas de los Oteros";772;293294;4694837;30;;;
"Castilla y León";"León";"LE04";"Zotes del Paramo";776;274743;4682745;30;;;
"Castilla y León";"León";"LE05";"Quintana del Marco";750;263733;4676030;30;;;
"Castilla y León";"León";"LE06";"Hospital de Orbigo";818;262997;4705231;30;;;
"Castilla y León";"León";"LE07";"Bustillo del Páramo";850;269679;4702275;30;;;
"Castilla y León";"León";"LE08";"Sahagún";839;334821;4692703;30;;;
"Castilla y León";"León";"LE09";"Santas Martas";879;307171;4702757;30;;;
"Castilla y León";"Palencia";"P01";"Torquemada";741;392418;4654977;30;;;
"Castilla y León";"Palencia";"P02";"Villamuriel de Cerrato";737;374989;4645559;30;;;
"Castilla y León";"Palencia";"P03";"Fuentes de Nava";742;353827;4661301;30;;;
"Castilla y León";"Palencia";"P04";"Villoldo";804;368165;4679393;30;;;
"Castilla y León";"Palencia";"P05";"Lantadilla";793;392713;4687446;30;;;
"Castilla y León";"Palencia";"P06";"Herrera de Pisuerga";810;392376;4711511;30;;;
"Castilla y León";"Palencia";"P07";"Villaluenga de la Vega";916;354100;4709649;30;;;
"Castilla y León";"Palencia";"P101";"Villaeles de Valdavia";885;372118;4714888;30;;;
"Castilla y León";"Salamanca";"SA01";"Ciudad Rodrigo";635;204574;4502228;30;;;
"Castilla y León";"Salamanca";"SA03";"Aldearrubia";815;290354;4542200;30;;;
"Castilla y León";"Salamanca";"SA101";"Arabayona";847;298870;4546765;30;;;
"Castilla y León";"Salamanca";"SA102";"Ejeme";816;286868;4516157;30;;;
"Castilla y León";"Segovia";"SG01";"Gomezserracín";812;391213;4571449;30;;;
"Castilla y León";"Segovia";"SG02";"Nava de la Asunción";802;375257;4555430;30;;;
"Castilla y León";"Segovia";"SO01";"Almazán";947;537068;4592465;30;;;
"Castilla y León";"Segovia";"SO02";"San Esteban de Gormaz";852;481639;4598220;30;;;
"Castilla y León";"Segovia";"SO03";"Fuentecantos";1011;547015;4632540;30;;;
"Castilla y León";"Segovia";"SO101";"Hinojosa del Campo";1043;576391;4621676;30;;;
"Castilla y León";"Valladolid";"VA01";"Mayorga";749;309995;4671436;30;;;
"Castilla y León";"Valladolid";"VA02";"Torrecilla de la Orden";774;309957;4565555;30;;;
"Castilla y León";"Valladolid";"VA03";"Olmedo";740;356214;4572635;30;;;
"Castilla y León";"Valladolid";"VA05";"Encinas de Esgueva";800;409296;4623036;30;;;
"Castilla y León";"Valladolid";"VA06";"Tordesillas";671;334011;4597224;30;;;
"Castilla y León";"Valladolid";"VA07";"Valbuena de Duero";740;393138;4613083;30;;;
"Castilla y León";"Valladolid";"VA08";"Medina de Rioseco";739;331604;4639434;30;;;
"Castilla y León";"Valladolid";"VA101";"Valladolid";714;355037;4609692;30;;;
"Castilla y León";"Valladolid";"VA102";"Medina del Campo";726;340614;4575992;30;;;
"Castilla y León";"Valladolid";"VA103";"Rueda";751;334380;4585701;30;;;
"Castilla y León";"Zamora";"ZA01";"Quiruelas de Vidriales";707;266390;4655186;30;;;
"Castilla y León";"Zamora";"ZA02";"Villaralbo";656;277149;4597327;30;;;
"Castilla y León";"Zamora";"ZA04";"Villalpando";686;300155;4633143;30;;;
"Castilla y León";"Zamora";"ZA05";"Pozuelo de Tábara";699;258380;4629423;30;;;
"Castilla y León";"Zamora";"ZA06";"Barcial del Barco";695;280775;4645951;30;;;
"Castilla y León";"Zamora";"ZA07";"Toro";642;293817;4595955;30;;;
"Extremadura";"Badajoz";;"Puebla de Alcocer";500;390433;50539;;"38º59'06""";"5º15'28""";"-"
"Extremadura";"Badajoz";;"PALAZUELO";290;390600;54400;;"39º06'46""";"5º44'12""";"-"
"Extremadura";"Badajoz";;"DON BENITO-EFA";260;385800;55400;;"38º57'32""";"5º51'19""";"-"
"Extremadura";"Badajoz";;"Don Benito";267;385543;55340;;"38º57'15""";"5º51'42""";"-"
"Extremadura";"Badajoz";;"RUEDA CHICA";186;385500;64400;;"40º53'41""";"1º55'31""";"-"
"Extremadura";"Badajoz";;"Talavera La Real-Bercial";200;385300;65000;;"40º35'43""";"4º14'10""";"-"
"Extremadura";"Badajoz";;"Guadajira-La Orden";186;385100;64000;;"38º51'02""";"6º40'57""";"-"
"Extremadura";"Badajoz";;"Arroyo de San Serván";220;385200;62800;;"38º51'10""";"6º27'75""";"-"
"Extremadura";"Badajoz";;"Mérida";265;385047;61905;;"38º54'57""";"6º20'44""";"-"
"Extremadura";"Badajoz";;"Villagonzalo";266;385017;61105;;"38º51'47""";"6º11'48""";"-"
"Extremadura";"Badajoz";;"Olivenza";202;384320;70326;;"38º40'53""";"7º06'05""";"-"
"Extremadura";"Badajoz";;"Almendralejo-Don Rodrigo";385;384000;62300;;"38º40'45""";"6º41'29""";"-"
"Extremadura";"Badajoz";;"Zalamea de la Serena";459;384048;54123;;"38º38'59""";"5º39'25""";"-"
"Extremadura";"Badajoz";;"Monterrubio";499;383535;52255;;"38º35'21""";"5º26'36""";"-"
"Extremadura";"Badajoz";;"Villafranca de los Barros";406;383406;20409;;"39º33'44""";"6º20'16""";"-"
"Extremadura";"Badajoz";;"Jerez de los Caballeros";261;381658;64409;;"38º19'09""";"6º46'15""";"-"
"Extremadura";"Badajoz";;"Fuente de Cantos";600;381235;61823;;"38º14'47""";"6º18'33""";"-"
"Extremadura";"Badajoz";;"Azuaga";540;382333;54223;;"38º15'34""";"5º40'40""";"-"
"Extremadura";"Cáceres";;"Hurdes-Azabal";574;401800;61800;;"40º26'43""";"6º21'09""";"-"
"Extremadura";"Cáceres";;"Gargantilla";596;401428;55626;;"40º14'05""";"5º51'55""";"-"
"Extremadura";"Cáceres";;"Zarza de Granadilla";383;401225;60243;;"40º14'15""";"6º02'50""";"-"
"Extremadura";"Cáceres";;"Moraleja";252;400259;64027;;"40º04'03""";"6º39'64""";"-"
"Extremadura";"Cáceres";;"Valdastillas";634;400757;55234;;"40º07'56""";"5º52'46""";"-"
"Extremadura";"Cáceres";;"Jarandilla de la Vera";508;400608;53842;;"40º07'35""";"5º39'30""";"-"
"Extremadura";"Cáceres";;"Talayuela";277;400047;53347;;"39º59'08""";"5º36'35""";"-"
"Extremadura";"Cáceres";;"Tejeda de Tietar";235;395738;55133;;"40º01'12""";"5º52'06""";"-"
"Extremadura";"Cáceres";;"Aldehuela del Jerte";262;400034;61339;;"40º00'34""";"6º14'21""";"-"
"Extremadura";"Cáceres";;"Coria";235;395816;62617;;"39º59'00""";"6º32'23""";"-"
"Extremadura";"Cáceres";;"Peraleda de la Mata";309;395136;52809;;"39º51'14""";"5º27'40""";"-"
"Extremadura";"Cáceres";;"Casatejada";274;395209;54037;;"39º53'15""";"5º41'00""";"-"
"Extremadura";"Cáceres";;"Mirabel";541;395116;61232;;"39º51'44""";"6º13'55""";"-"
"Extremadura";"Cáceres";;"ALCANTARA";327;394452;65348;;"39º43'09""";"6º53'11""";"-"
"Extremadura";"Cáceres";;"Aliseda";327;391634;63756;;"39º25'26""";"6º41'29""";"-"
"Extremadura";"Cáceres";;"Valdesalor";382;392209;61937;;"39º22'41""";"6º20'51""";"-"
"Extremadura";"Cáceres";;"Madroñera";625;392758;54539;;"39º25'35""";"5º45'15""";"-"
"Extremadura";"Cáceres";;"GUADALUPE";740;392318;52048;;"39º27'07""";"5º19'48""";"-"
"Extremadura";"Cáceres";;"Madrigalejo";297;390813;53540;;"39º08'18""";"5º37'43""";"-"
"Galicia";"??";;"Castro de Rei";428;623222;4779463;29;;;
"Galicia";"??";;"Momforte de Lemos";645;623277;4703623;29;;;
"Galicia";"??";;"A Capela";372;575301;4810098;29;;;
"Galicia";"??";;"Boimorto";480;571147;4762072;29;;;
"Navarra";"Navarra";1;"Arazuri";396;604479;4740699;30;;;
"Navarra";"Navarra";2;"Adiós";444;602726;4726970;30;;;
"Navarra";"Navarra";3;"Lumbier";484;641412;4725301;30;;;
"Navarra";"Navarra";4;"Ancin";469;567977;4723118;30;;;
"Navarra";"Navarra";5;"Artajona";353;599328;4715487;30;;;
"Navarra";"Navarra";6;"Aibar";421;638318;4713350;30;;;
"Navarra";"Navarra";7;"San Martin de Unix";447;614143;4707871;30;;;
"Navarra";"Navarra";8;"Miranda de Arga";343;597966;4707438;30;;;
"Navarra";"Navarra";9;"Lerin ";354;584216;4706412;30;;;
"Navarra";"Navarra";10;"Bargota";375;557811;4703462;30;;;
"Navarra";"Navarra";11;"Olite";375;611257;4699457;30;;;
"Navarra";"Navarra";12;"Falces";290;599450;4697636;30;;;
"Navarra";"Navarra";13;"Murillo del fruto";393;624623;4693814;30;;;
"Navarra";"Navarra";14;"Traibuenas";312;614130;4691051;30;;;
"Navarra";"Navarra";15;"Sartagudas";307;578235;4690609;30;;;
"Navarra";"Navarra";16;"San Adrián";385;591511;4688335;30;;;
"Navarra";"Navarra";17;"Bardenas Reales (El Plano)";425;622302;4684074;30;;;
"Navarra";"Navarra";18;"Funes";371;598594;4681430;30;;;
"Navarra";"Navarra";19;"Bardenas Reales (El Barranco)";298;610980;4680207;30;;;
"Navarra";"Navarra";20;"Cadreita";267;605909;4673851;30;;;
"Navarra";"Navarra";21;"Corella";392;596016;4663472;30;;;
"Navarra";"Navarra";22;"Tudela";258;618468;4658470;30;;;
"Navarra";"Navarra";23;"Fitero";450;595987;4655954;30;;;
"Navarra";"Navarra";24;"Cascante";330;605832;4654795;30;;;
"Navarra";"Navarra";25;"Ablitas";338;612462;4650683;30;;;
"Navarra";"Navarra";26;"Los Arcos";419;567173;4710398;30;;;
"Navarra";"Navarra";27;"Sesma";438;572005;4703134;30;;;
"Comunidad Valenciana";"Alicante";;"Agost";337;;;;" 38°26'28.21""";"  0°38'22.37""";"-"
"Comunidad Valenciana";"Alicante";;"Almoradí";7;;;;" 38° 6'34.65""";"  0°47'31.21""";"-"
"Comunidad Valenciana";"Alicante";;"Altea";83;;;;" 38°36'1.14""";"  0° 2'57.02""";"-"
"Comunidad Valenciana";"Alicante";;"Callosa d`en Sarrià";259;;;;" 38°39'4.77""";"  0° 7'21.12""";"-"
"Comunidad Valenciana";"Alicante";;"Camp de Mirra";601;;;;" 38°41'12.15""";"  0°46'37.34""";"-"
"Comunidad Valenciana";"Alicante";;"Castalla";680;;;;" 38°35'42.68""";"  0°40'20.10""";"-"
"Comunidad Valenciana";"Alicante";;"Catral";5;;;;" 38° 9'39.41""";"  0°48'5.40""";"-"
"Comunidad Valenciana";"Alicante";;"Crevillente";122;;;;" 38°14'49.32""";"  0°48'12.57""";"-"
"Comunidad Valenciana";"Alicante";;"Dénia Gata";13;;;;" 38°50'25.40""";"  0° 6'30.99""";"+"
"Comunidad Valenciana";"Alicante";;"Elx EEA";88;;;;" 38°16'1.83""";"  0°41'42.79""";"-"
"Comunidad Valenciana";"Alicante";;"Monforte del Cid";222;;;;" 38°22'45.24""";"  0°43'45.25""";"-"
"Comunidad Valenciana";"Alicante";;"Novelda";245;;;;" 38°23'7.09""";"  0°45'55.39""";"-"
"Comunidad Valenciana";"Alicante";;"Ondara";36;;;;"38°49'33.86""";"  0° 0'57.25""";"+"
"Comunidad Valenciana";"Alicante";;"Orihuela";22;;;;" 38° 5'2.22""";"  0°56'41.22""";"-"
"Comunidad Valenciana";"Alicante";;"Orihuela la Murada";85;;;;" 38°10'23.38""";"  0°57'53.06""";"-"
"Comunidad Valenciana";"Alicante";;"Pilar de la Horadada";17;;;;" 37°51'55.38""";"  0°47'33.03""";"-"
"Comunidad Valenciana";"Alicante";;"Pinoso";613;;;;" 38°24'4.03""";"  1° 2'29.68""";"-"
"Comunidad Valenciana";"Alicante";;"Planes";439;;;;" 38°47'7.80""";"  0°20'40.32""";"-"
"Comunidad Valenciana";"Alicante";;"Vila Joiosa";32;;;;" 38°30'27.90""";"  0°13'57.41""";"-"
"Comunidad Valenciana";"Alicante";;"Villena";573;;;;" 38°38'10.85""";"  0°51'58.10""";"-"
"Comunidad Valenciana";"Castellón";;"Benicarló";15;;;;" 40°25'7.34""";"  0°25'23.17""";"+"
"Comunidad Valenciana";"Castellón";;"Burriana";17;;;;" 39°53'23.53""";"  0° 5'1.30""";"-"
"Comunidad Valenciana";"Castellón";;"Castelló Benadresa";178;;;;" 40° 0'56.80""";"  0° 8'6.86""";"-"
"Comunidad Valenciana";"Castellón";;"Nules";17;;;;" 39°51'9.33""";"  0° 9'30.62""";"-"
"Comunidad Valenciana";"Castellón";;"Onda";192;;;;" 39°57'55.08""";"  0°15'45.53""";"-"
"Comunidad Valenciana";"Castellón";;"Ribera de Cabanes";8;;;;" 40° 8'7.25""";"  0° 8'55.35""";"+"
"Comunidad Valenciana";"Castellón";;"San Rafael del Río";246;;;;" 40°36'22.69""";"  0°20'59.62""";"+"
"Comunidad Valenciana";"Castellón";;"Segorbe";340;;;;" 39°51'11.79""";"  0°29'5.98""";"-"
"Comunidad Valenciana";"Castellón";;"Vall d`Uixó";120;;;;" 39°49'23.99""";"  0°13'57.22""";"-"
"Comunidad Valenciana";"Castellón";;"Vila-real EEA";44;;;;" 39°56'18.07""";"  0° 6'6.58""";"-"
"Comunidad Valenciana";"Valencia";;"Algemesí";24;;;;" 39°11'37.92""";"  0°26'5.13""";"-"
"Comunidad Valenciana";"Valencia";;"Benavites";36;;;;" 39°44'25.94"" ";"0°15'26.49""";"-"
"Comunidad Valenciana";"Valencia";;"Benifaió";19;;;;"39°17'6.88""";" 0°25'37.48""";"-"
"Comunidad Valenciana";"Valencia";;"Bétera";121;;;;"39°35'18.54""";" 0°27'31.91""";"-"
"Comunidad Valenciana";"Valencia";;"Bolbaite";270;;;;" 39° 3'45.60""";"  0°40'28.60""";"-"
"Comunidad Valenciana";"Valencia";;"Campo Arcís";587;;;;" 39°25'55.20""";"  1°10'2.82""";"-"
"Comunidad Valenciana";"Valencia";;"Carcaixent EEA";25;;;;" 39° 7'16.40""";"  0°26'58.86""";"-"
"Comunidad Valenciana";"Valencia";;"Carcaixent EEA Invernadero";25;;;;" 39° 7'16.40""";"  0°26'58.86""";"-"
"Comunidad Valenciana";"Valencia";;"Carlet CE Coop";51;;;;" 39°13'39.76""";"  0°31'23.26""";"-"
"Comunidad Valenciana";"Valencia";;"Carlet malla";51;;;;" 39°13'39.76""";"  0°31'23.26""";"-"
"Comunidad Valenciana";"Valencia";;"Cheste";225;;;;" 39°29'42.39""";"  0°41'4.20""";"-"
"Comunidad Valenciana";"Valencia";;"Chulilla";523;;;;" 39°39'22.73""";"  0°53'30.72""";"-"
"Comunidad Valenciana";"Valencia";;"Gandia Marxuquera";102;;;;" 38°58'5.84""";"  0°14'51.54""";"-"
"Comunidad Valenciana";"Valencia";;"Llíria";178;;;;" 39°37'28.50""";"  0°35'41.13""";"-"
"Comunidad Valenciana";"Valencia";;"Llutxent EEA";297;;;;" 38°56'33.57""";"  0°21'23.97""";"-"
"Comunidad Valenciana";"Valencia";;"Manises";108;;;;" 39°29'26.64"" ";"0°27'21.18""";"-"
"Comunidad Valenciana";"Valencia";;"Moncada IVIA";34;;;;" 39°32'43.95""";"  0°23'36.46""";"-"
"Comunidad Valenciana";"Valencia";;"Moncada malla";34;;;;" 39°32'43.95""";"  0°23'36.46""";"-"
"Comunidad Valenciana";"Valencia";;"Montesa";255;;;;" 38°56'58.83""";"  0°39'3.97""";"-"
"Comunidad Valenciana";"Valencia";;"Navarrés";253;;;;" 39° 6'4.35""";" 0°41'37.28""";"-"
"Comunidad Valenciana";"Valencia";;"Pedralba";201;;;;" 39°36'17.45""";"  0°43'35.50""";"-"
"Comunidad Valenciana";"Valencia";;"Picassent";47;;;;" 39°21'36.00""";"  0°27'45.46""";"-"
"Comunidad Valenciana";"Valencia";;"Pobla del Duc";240;;;;" 38°54'12.53""";" 0°25'2.49""";"-"
"Comunidad Valenciana";"Valencia";;"Polinyá de Xúquer";11;;;;" 39°11'45.84""";"  0°22'10.63""";"-"
"Comunidad Valenciana";"Valencia";;"Puig";46;;;;" 39°35'24.55""";" 0°18'7.55""";"-"
"Comunidad Valenciana";"Valencia";;"Requena Cerrito";648;;;;" 39°29'16.36""";"  1° 6'1.16""";"-"
"Comunidad Valenciana";"Valencia";;"Requena Roma";648;;;;" 39°29'16.36""";"  1° 6'1.16""";"-"
"Comunidad Valenciana";"Valencia";;"Sagunt";51;;;;" 39°40'48.50""";"0°16'41.80""";"-"
"Comunidad Valenciana";"Valencia";;"Sagunto";51;;;;" 39°40'48.50""";"0°16'41.80""";"-"
"Comunidad Valenciana";"Valencia";;"Tavernes de Valldigna";51;;;;" 39° 4'18.00""";"  0°16'3.77""";"-"
"Comunidad Valenciana";"Valencia";;"Turís";277;;;;" 39°23'23.20""";"  0°42'41.08""";"-"
"Comunidad Valenciana";"Valencia";;"Villalonga";132;;;;" 38°53'5.54""";"  0°12'33.71""";"-"
"Comunidad Valenciana";"Valencia";;"Villanueva de Castellón";34;;;;" 39° 4'46.35""";"  0°30'50.98""";"-"
"Comunidad Valenciana";"Valencia";;"Xàtiva";115;;;;" 38°59'19.93""";"  0°30'56.21""";"-"
"Comunidad de Madrid";"Madrid";;"Aranjuez";551;;;;" 40° 1'55.53""";"  3°36'11.84""";"-"
"Comunidad de Madrid";"Madrid";;"Arganda";648;;;;" 40°18'3.42""";"  3°26'17.09""";"-"
"Comunidad de Madrid";"Madrid";;"Chinchón";749;;;;" 40° 8'24.68""";"3°24'56.46""";"-"
"Comunidad de Madrid";"Madrid";;"Fuentidueña de Tajo";559;;;;" 40° 7'5.49""";"  3° 9'34.38""";"-"
"Comunidad de Madrid";"Madrid";;"San Martín de la Vega";515;;;;" 40°12'28.07""";"  3°34'6.76""";"-"
"Comunidad de Madrid";"Madrid";;"Villa del Prado";513;;;;" 40°16'36.42""";"  4°18'20.31""";"-"
